{
  "$schema": "../node_modules/@tauri-apps/cli/schema.json",
  "build": {
    "beforeBuildCommand": "",
    "beforeDevCommand": "npm run dev",
    "devPath": "http://localhost:5555",
    "distDir": "../dist",
    "withGlobalTauri": true
  },
  "package": {
    "productName": "TunnlTo",
    "version": "0.1.5"
  },
  "tauri": {
    "systemTray": {
      "iconPath": "icons/icon.png",
      "iconAsTemplate": true
    },
    "allowlist": {
      "fs": {
        "scope": ["$RESOURCE/*"]
      },
      "all": true
    },
    "bundle": {
      "active": true,
      "category": "DeveloperTool",
      "copyright": "",
      "deb": {
        "depends": []
      },
      "externalBin": [],
      "icon": [
        "icons/32x32.png",
        "icons/128x128.png",
        "icons/128x128@2x.png",
        "icons/icon.icns",
        "icons/icon.ico"
      ],
      "identifier": "com.tunnl.to",
      "longDescription": "",
      "macOS": {
        "entitlements": null,
        "exceptionDomain": "",
        "frameworks": [],
        "providerShortName": null,
        "signingIdentity": null
      },
      "resources": [
        "wiresock/wiresock-vpn-client-x64-1.2.15.1.msi"
      ],
      "shortDescription": "",
      "targets": "all",
      "windows": {
        "certificateThumbprint": null,
        "digestAlgorithm": "sha256",
        "timestampUrl": ""
      }
    },
    "security": {
      "csp": null
    },
    "updater": {
      "active": false
    },
    "windows": [
      {
        "fullscreen": false,
        "height": 700,
        "resizable": false,
        "title": "TunnlTo",
        "width": 850
      }
    ]
  }
}